title,watchViewCount,likeCount,unlikeCount,subscriberCount,commentCount
"【電影預告】超時空攔截 (Predestination, 2014) (正體中文字幕)",109368,122,4,17428,21
【超時空攔截】HD高畫質中文電影預告,41791,76,2,51985,9
超時空攔截 Predestination 搶救未來版預告︱3月6日，反轉昔日！,21493,4,0,960,0
The best of Jay Chou 1 ~ Những bài hát hay nhất của Châu Kiệt Luân phần 1,852699,840,32,0,76
Mayday五月天【星空】MV官方完整版-電影「星空」主題曲,18248827,63463,1548,1458938,3590
"【電影預告】超時空攔截 (Predestination, 2014) (正體中文字幕)",109368,122,4,17428,21
【超時空攔截】HD高畫質中文電影預告,41791,76,2,51985,9
超時空攔截 Predestination 搶救未來版預告︱3月6日，反轉昔日！,21493,4,0,960,0
The best of Jay Chou 1 ~ Những bài hát hay nhất của Châu Kiệt Luân phần 1,852699,840,32,0,76
Mayday五月天【星空】MV官方完整版-電影「星空」主題曲,18248827,63463,1548,1458938,3590
